Species,Order,Bodymass,Longevity,Gestationength
Erethizon_dorsatum,Rodentia,7419.46,18,210.99
Coendou_prehensilis,Rodentia,4116.2,27,203
Dinomys_branickii,Rodentia,12500,13,253
Lagidium_peruanum,Rodentia,1220,19.5,140
Lagidium_viscacia,Rodentia,1539.99,19.5,134
Chinchilla_chinchilla,Rodentia,499.99,17.5,111
Chinchilla_lanigera,Rodentia,480.28,10,111
Lagostomus_maximus,Rodentia,4660.94,9.4,154
Octodontomys_gliroides,Rodentia,155.77,7.33,104
Spalacopus_cyanus,Rodentia,100.86,6,80
Octodon_degus,Rodentia,203.27,8,90
Ctenomys_talarum,Rodentia,140.84,1.75,102
Hoplomys_gymnurus,Rodentia,281.42,7,60
Myocastor_coypus,Rodentia,6361.55,6,131
Plagiodontia_aedium,Rodentia,1268.86,9.92,119
Geocapromys_ingrahami,Rodentia,733.52,6,117
Geocapromys_brownii,Rodentia,1497.48,8.3,123
Capromys_pilorides,Rodentia,5200,11.3,125
Cuniculus_paca,Rodentia,8172.55,12.5,116
Cuniculus_taczanowskii,Rodentia,8999.95,12.5,130
Myoprocta_acouchy,Rodentia,954.87,10,99
Dasyprocta_fuliginosa,Rodentia,3500.02,18,120
Dasyprocta_leporina,Rodentia,3009.99,17.8,112
Dasyprocta_punctata,Rodentia,2309.12,10,112
Dolichotis_patagonum,Rodentia,8000,14,85
Kerodon_rupestris,Rodentia,799.15,11,75
Hydrochoerus_hydrochaeris,Rodentia,49144.91,12,150
Microcavia_australis,Rodentia,261.49,8,54.91
Cavia_aperea,Rodentia,524.38,10,63
Cavia_porcellus,Rodentia,727.99,14,68
Galea_musteloides,Rodentia,386.64,3.3,54
Galea_spixii,Rodentia,360.61,4.5,53
Thryonomys_swinderianus,Rodentia,3750.85,4.3,155
Heterocephalus_glaber,Rodentia,39.36,31,70
Georychus_capensis,Rodentia,188.36,3,44
Cryptomys_hottentotus,Rodentia,75.13,11,81
Atherurus_macrourus,Rodentia,2000,20,110
Hystrix_brachyura,Rodentia,8000,27,112
Hystrix_indica,Rodentia,14298.6,27.1,113
Hystrix_africaeaustralis,Rodentia,14936.02,15,94
Hystrix_cristata,Rodentia,13406.27,28,66
Atherurus_africanus,Rodentia,2875.65,22.9,106
Ctenodactylus_gundi,Rodentia,288.41,5.8,74
Glirulus_japonicus,Rodentia,62.99,6,30
Glis_glis,Rodentia,128.09,8.7,25
Muscardinus_avellanarius,Rodentia,29.19,6,23
Dryomys_nitedula,Rodentia,29.5,5.5,28
Eliomys_quercinus,Rodentia,114.61,5.5,23
Graphiurus_murinus,Rodentia,20.07,5.9,24
Aplodontia_rufa,Rodentia,806.21,6,29
Glaucomys_sabrinus,Rodentia,137.53,13,40
Glaucomys_volans,Rodentia,71.9,19,40
Petaurista_leucogenys,Rodentia,1150,19.2,74
Petaurista_petaurista,Rodentia,1533.84,16,45
Pteromys_volans,Rodentia,143.09,3.8,30
Trogopterus_xanthipes,Rodentia,744.94,12,80
Tamiasciurus_hudsonicus,Rodentia,200.24,9,37
Sciurus_griseus,Rodentia,703.85,10,44
Sciurus_aberti,Rodentia,622.95,7,43
Sciurus_granatensis,Rodentia,318.44,11.5,60
Sciurus_variegatoides,Rodentia,485,23,46
Sciurus_carolinensis,Rodentia,545.4,23.5,44
Sciurus_niger,Rodentia,761.9,18,44
Sciurus_vulgaris,Rodentia,333,12,38
Tamias_sibiricus,Rodentia,94.16,10,35
Tamias_minimus,Rodentia,42.87,10,30
Tamias_merriami,Rodentia,74.77,5,33.37
Tamias_amoenus,Rodentia,50.63,5,30
Tamias_townsendii,Rodentia,79.12,7,28
Tamias_dorsalis,Rodentia,63.66,12.6,30
Tamias_palmeri,Rodentia,60.74,4,33.21
Tamias_ruficaudus,Rodentia,60.06,8,31
Tamias_striatus,Rodentia,111.91,8,31
Marmota_caudata,Rodentia,4350,15,30.74
Marmota_bobak,Rodentia,5500,15,40
Marmota_flaviventris,Rodentia,3709.73,15,30
Marmota_vancouverensis,Rodentia,5232.43,12.1,30
Marmota_caligata,Rodentia,2253.71,12.1,29
Marmota_broweri,Rodentia,3405,15,42
Marmota_marmota,Rodentia,4059.15,18,35
Marmota_monax,Rodentia,3880.93,10,32
Spermophilus_citellus,Rodentia,395.97,6.7,27
Cynomys_ludovicianus,Rodentia,797.05,8.5,30
Ammospermophilus_harrisii,Rodentia,126.57,11,30
Ammospermophilus_leucurus,Rodentia,103.92,5.8,29
Xerus_erythropus,Rodentia,602.23,6,71
Xerus_inauris,Rodentia,572.6,11.5,45
Callosciurus_prevostii,Rodentia,400,21.1,48
Geomys_pinetis,Rodentia,201.15,2,50
Geomys_bursarius,Rodentia,203.75,7.2,51
Orthogeomys_cavator,Rodentia,650,6,20
Pappogeomys_bulleri,Rodentia,150,5,20
Thomomys_talpoides,Rodentia,104.64,6,28
Thomomys_bottae,Rodentia,122.7,4.8,19
Chaetodipus_fallax,Rodentia,19.19,6,25
Chaetodipus_nelsoni,Rodentia,15.53,2.5,30
Chaetodipus_formosus,Rodentia,20.02,5,28
Perognathus_fasciatus,Rodentia,11.29,1.17,29.8
Perognathus_flavus,Rodentia,7.97,5,26
Perognathus_flavescens,Rodentia,9.21,2,26
Perognathus_amplus,Rodentia,11.97,10,28
Perognathus_longimembris,Rodentia,8.07,8.33,22
Perognathus_parvus,Rodentia,21.56,5.8,24
Dipodomys_merriami,Rodentia,37.91,9.7,28
Dipodomys_ordii,Rodentia,50.4,9.8,29
Dipodomys_heermanni,Rodentia,63.08,8.3,31
Dipodomys_deserti,Rodentia,107.63,8,30
Dipodomys_spectabilis,Rodentia,124.61,12.7,23
Castor_fiber,Rodentia,19000,13.7,105
Castor_canadensis,Rodentia,18124.41,20,128
Pedetes_capensis,Rodentia,2549.25,13,80
Sicista_betulina,Rodentia,8.92,3.33,31
Jaculus_orientalis,Rodentia,138.26,6,35
Jaculus_jaculus,Rodentia,59.8,6.4,38
Allactodipus_bobrinskii,Rodentia,65.3,3,35
Allactaga_elater,Rodentia,59,5.2,30
Napaeozapus_insignis,Rodentia,22.25,4,29
Zapus_princeps,Rodentia,27.2,6,19
Zapus_hudsonius,Rodentia,18.43,5,19
Calomyscus_bailwardi,Rodentia,21.38,9.75,35
Hypogeomys_antimena,Rodentia,1175.93,12.6,120
Mystromys_albicaudatus,Rodentia,86.85,6,38
Cricetomys_gambianus,Rodentia,1267.52,7,34
Saccostomus_campestris,Rodentia,50.33,2.8,21
Dendromus_melanotis,Rodentia,9.1,4.2,25
Acomys_russatus,Rodentia,42.35,5,34
Acomys_cahirinus,Rodentia,41.16,4,38
Pachyuromys_duprasi,Rodentia,47.5,7,20
Psammomys_obesus,Rodentia,102.15,3.5,24
Meriones_crassus,Rodentia,69.94,5.58,22
Meriones_libycus,Rodentia,91.33,5.2,26
Meriones_unguiculatus,Rodentia,57.75,2,25
Rhombomys_opimus,Rodentia,144,4,28
Sekeetamys_calurus,Rodentia,56.61,5,24
Gerbillus_pyramidum,Rodentia,42.8,8,21
Tatera_indica,Rodentia,138.28,7,26
Micromys_minutus,Rodentia,6.99,5,20
Rattus_lutreolus,Rodentia,106,2.42,27
Rattus_norvegicus,Rodentia,282.89,4,21
Rattus_exulans,Rodentia,50.63,1.25,21.34
Rattus_rattus,Rodentia,142.68,4,22
Mus_musculus,Rodentia,19.3,6,19
Mus_minutoides,Rodentia,6.43,3.08,20
Praomys_tullbergi,Rodentia,37.1,5.17,24
Apodemus_sylvaticus,Rodentia,21.9,4,23
Apodemus_flavicollis,Rodentia,31.6,4,26
Apodemus_agrarius,Rodentia,21.11,4,22
Grammomys_dolichurus,Rodentia,41.85,4.5,24
Thallomys_paedulcus,Rodentia,77.7,3,26
Arvicanthis_niloticus,Rodentia,95.8,6.6,22
Lemniscomys_striatus,Rodentia,43.65,2.5,25
Lemniscomys_barbarus,Rodentia,26.15,4.5,21
Rhabdomys_pumilio,Rodentia,40.73,2.92,25
Otomys_irroratus,Rodentia,114.45,1.83,40
Chiropodomys_gliroides,Rodentia,23.68,3.5,20
Leporillus_conditor,Rodentia,328.82,5,38
Conilurus_penicillatus,Rodentia,175.02,5,35
Mesembriomys_gouldii,Rodentia,716.49,4,44
Pseudomys_australis,Rodentia,52.97,5.58,31
Notomys_alexis,Rodentia,32.34,5,35
Hydromys_chrysogaster,Rodentia,626.17,7.3,36
Sigmodon_hispidus,Rodentia,110.65,5.17,27
Nyctomys_sumichrasti,Rodentia,59.99,5,30
Tylomys_nudicaudus,Rodentia,181.65,5.42,40
Ochrotomys_nuttalli,Rodentia,22.81,8.42,30
Reithrodontomys_raviventris,Rodentia,10.95,1.5,22.5
Reithrodontomys_humulis,Rodentia,8.25,2.25,23
Reithrodontomys_megalotis,Rodentia,10.72,1.5,23
Onychomys_torridus,Rodentia,21.68,4.6,30
Onychomys_leucogaster,Rodentia,27.92,5,31
Onychomys_arenicola,Rodentia,30,4,35
Peromyscus_eremicus,Rodentia,22.73,7.4,26
Peromyscus_californicus,Rodentia,42.68,5.5,30
Peromyscus_gossypinus,Rodentia,27.68,1.25,23
Peromyscus_leucopus,Rodentia,18.07,3,26
Peromyscus_maniculatus,Rodentia,19.98,8,24
Peromyscus_keeni,Rodentia,28.25,3,25
Peromyscus_polionotus,Rodentia,14.27,5.5,24
Peromyscus_truei,Rodentia,27,5.4,26
Peromyscus_aztecus,Rodentia,34,2,25
Podomys_floridanus,Rodentia,30.74,7.4,23
Neotomodon_alstoni,Rodentia,44.64,5,27.29
Baiomys_taylori,Rodentia,7.43,3.5,20
Neotoma_cinerea,Rodentia,285.89,3,30
Neotoma_floridana,Rodentia,249.16,8.6,33
Neotoma_magister,Rodentia,447,4,33.43
Neotoma_micropus,Rodentia,255.14,3.33,35
Neotoma_albigula,Rodentia,208.18,6,29
Neotoma_lepida,Rodentia,143.88,10.5,33
Phodopus_campbelli,Rodentia,27.06,2.5,20.59
Phodopus_sungorus,Rodentia,30.43,3.2,20
Cricetus_cricetus,Rodentia,428.95,4,20
Mesocricetus_auratus,Rodentia,98.6,4,16
Ondatra_zibethicus,Rodentia,991.31,10,26
Myodes_gapperi,Rodentia,19.83,1.67,18
Myodes_glareolus,Rodentia,20.73,2,20
Myodes_rutilus,Rodentia,19.94,2.02,23.98
Microtus_agrestis,Rodentia,35.87,3.25,21
Microtus_guentheri,Rodentia,49.99,3.92,21
Microtus_arvalis,Rodentia,26.9,3,21
Microtus_subterraneus,Rodentia,17.74,2.8,22
Microtus_duodecimcostatus,Rodentia,22.71,2.75,22.71
Microtus_pennsylvanicus,Rodentia,42.53,1.33,21
Microtus_longicaudus,Rodentia,44.8,1.33,23
Microtus_ochrogaster,Rodentia,42.5,3,23
Microtus_pinetorum,Rodentia,25.95,2.8,21
Microtus_xanthognathus,Rodentia,92.65,1.5,25
Microtus_oeconomus,Rodentia,33.1,1.8,22
Lagurus_lagurus,Rodentia,20.6,3.8,20
Arvicola_amphibius,Rodentia,120,5,21
Lemmus_lemmus,Rodentia,67.62,3.3,19
Synaptomys_cooperi,Rodentia,28.01,2.42,23
Phenacomys_ungava,Rodentia,27,4,23
Phenacomys_intermedius,Rodentia,25.2,4,22
Dicrostonyx_groenlandicus,Rodentia,58.44,3.3,20
Dicrostonyx_richardsoni,Rodentia,55,2,21
Dicrostonyx_torquatus,Rodentia,78.77,3.75,18
Tachyoryctes_splendens,Rodentia,227.13,3.08,40
Cannomys_badius,Rodentia,472.07,3.3,42
Spalax_ehrenbergi,Rodentia,176,15,34
Ochotona_curzoniae,Lagomorpha,159.47,2.66,22.5
Ochotona_hyperborea,Lagomorpha,120,9.4,28
Ochotona_princeps,Lagomorpha,157.63,7,30
Ochotona_collaris,Lagomorpha,129,7,30
Lepus_americanus,Lagomorpha,1568.42,5,36
Lepus_townsendii,Lagomorpha,3371.64,8,39
Lepus_arcticus,Lagomorpha,4412.73,7,51.99
Lepus_timidus,Lagomorpha,3105.42,18,50
Lepus_europaeus,Lagomorpha,3816.43,7.4,42
Lepus_saxatilis,Lagomorpha,2593.63,7,38.49
Lepus_californicus,Lagomorpha,2422.48,6.8,44
Sylvilagus_transitionalis,Lagomorpha,813.51,3,28
Sylvilagus_floridanus,Lagomorpha,1207.19,9,30
Sylvilagus_robustus,Lagomorpha,1218.45,8,35
Sylvilagus_palustris,Lagomorpha,1355.23,7.6,34
Sylvilagus_aquaticus,Lagomorpha,2133.34,10,37.24
Sylvilagus_audubonii,Lagomorpha,880.88,7.8,29
Sylvilagus_nuttallii,Lagomorpha,801.54,7.4,30
Oryctolagus_cuniculus,Lagomorpha,1590.57,9,30
Loris_tardigradus,Prosimians,249.22,15.5,166
Nycticebus_coucang,Prosimians,924.55,25.8,188
Nycticebus_pygmaeus,Prosimians,342.32,20,188
Arctocebus_calabarensis,Prosimians,258.01,20,133
Perodicticus_potto,Prosimians,1081.81,26,170
Galago_moholi,Prosimians,191.96,16.6,124
Galago_senegalensis,Prosimians,215.2,18,126
Sciurocheirus_alleni,Prosimians,273,12,133
Otolemur_garnettii,Prosimians,811.17,15,132
Otolemur_crassicaudatus,Prosimians,1206.61,18,130
Euoticus_elegantulus,Prosimians,295.48,15,122
Daubentonia_madagascariensis,Prosimians,2731.37,23.3,165
Propithecus_perrieri,Prosimians,5250,15,180
Propithecus_verreauxi,Prosimians,3588.26,23.5,148
Propithecus_tattersalli,Prosimians,3531.39,20,165
Propithecus_coquereli,Prosimians,4189.27,31,140.99
Varecia_variegata,Prosimians,3849.99,33,98
Varecia_rubra,Prosimians,3872.6,19,98
Eulemur_macaco,Prosimians,2470.43,25,120
Eulemur_rubriventer,Prosimians,2015.4,20,120
Eulemur_mongoz,Prosimians,1771.13,36.2,120
Eulemur_fulvus,Prosimians,2376.99,36,118
Eulemur_coronatus,Prosimians,1699.85,27,126
Lemur_catta,Prosimians,2626.48,33,135
Hapalemur_griseus,Prosimians,916,23,145
Phaner_furcifer,Prosimians,409.87,12,174
Lepilemur_mustelinus,Prosimians,669.03,12,135
Lepilemur_septentrionalis,Prosimians,755.77,15,134.99
Cheirogaleus_major,Prosimians,446.02,15,65
Cheirogaleus_medius,Prosimians,196.76,20,61
Microcebus_murinus,Prosimians,69,14,61
Microcebus_rufus,Prosimians,48.39,15,61
Tarsius_tarsier,Prosimians,168.04,10,157
Tarsius_bancanus,Prosimians,114.39,8,125.84
Tarsius_syrichta,Prosimians,115.91,13.5,177.99
Macaca_sylvanus,Old_World_monkeys,11471.53,22,164
Macaca_silenus,Old_World_monkeys,5995.25,38,176
Macaca_nemestrina,Old_World_monkeys,7820.78,34.3,172
Macaca_radiata,Old_World_monkeys,4999.99,35,161
Macaca_fascicularis,Old_World_monkeys,4569.32,38,165
Macaca_arctoides,Old_World_monkeys,9358.04,30,177
Macaca_fuscata,Old_World_monkeys,10114.76,33,174
Macaca_nigra,Old_World_monkeys,7359.39,34,176
Theropithecus_gelada,Old_World_monkeys,15964.11,30,168
Papio_cynocephalus,Old_World_monkeys,15822.15,45,172.99
Papio_ursinus,Old_World_monkeys,17729.44,45,185.92
Papio_papio,Old_World_monkeys,18026.05,40,184.42
Papio_hamadryas,Old_World_monkeys,14007.08,45,171
Mandrillus_sphinx,Old_World_monkeys,16685.06,46,173
Mandrillus_leucophaeus,Old_World_monkeys,14253.3,28.6,179
Cercocebus_torquatus,Old_World_monkeys,7293.07,27,167
Lophocebus_albigena,Old_World_monkeys,7418.71,36,181
Cercocebus_atys,Old_World_monkeys,6941.24,26.8,165.08
Cercocebus_agilis,Old_World_monkeys,7105.62,20,175
Miopithecus_talapoin,Old_World_monkeys,1248.86,28,169
Cercopithecus_neglectus,Old_World_monkeys,5324.52,30,177
Cercopithecus_campbelli,Old_World_monkeys,3627.73,29,180
Cercopithecus_mona,Old_World_monkeys,3980.17,22,180
Chlorocebus_sabaeus,Old_World_monkeys,4993,13,165
Chlorocebus_aethiops,Old_World_monkeys,3695.99,31,162
Erythrocebus_patas,Old_World_monkeys,7966.3,24,167
Cercopithecus_nictitans,Old_World_monkeys,5256.91,31,172
Cercopithecus_lhoesti,Old_World_monkeys,5307.47,24.1,150
Cercopithecus_cephus,Old_World_monkeys,3444.88,36,172
Cercopithecus_ascanius,Old_World_monkeys,3540.24,30,147
Procolobus_verus,Old_World_monkeys,3977.86,29,167.84
Colobus_angolensis,Old_World_monkeys,8990.31,30,178
Colobus_polykomos,Old_World_monkeys,8797.29,23.5,185
Colobus_guereza,Old_World_monkeys,9925.88,29,175
Pygathrix_cinerea,Old_World_monkeys,9266.6,24,190
Pygathrix_nemaeus,Old_World_monkeys,9411.1,24,171
Nasalis_larvatus,Old_World_monkeys,12265.65,23,166
Presbytis_thomasi,Old_World_monkeys,6689.99,29,180
Presbytis_melalophos,Old_World_monkeys,6439.12,16,226
Trachypithecus_obscurus,Old_World_monkeys,7247.88,25,145
Trachypithecus_francoisi,Old_World_monkeys,8139.93,26.3,210
Semnopithecus_entellus,Old_World_monkeys,12679.29,30,192
Pongo_pygmaeus,Old_World_monkeys,53408.29,59,249
Pongo_abelii,Old_World_monkeys,39696.12,55,275
Pan_troglodytes,Old_World_monkeys,45000,59,229
Pan_paniscus,Old_World_monkeys,35119.95,50,232
Homo_sapiens,Old_World_monkeys,58540.63,84,280
Gorilla_gorilla,Old_World_monkeys,112588.99,50,256
Hylobates_pileatus,Old_World_monkeys,5542.37,31,228
Hylobates_klossii,Old_World_monkeys,5822.29,37,213
Hylobates_moloch,Old_World_monkeys,5860.81,45,243
Hylobates_muelleri,Old_World_monkeys,5909.81,57,207
Hylobates_lar,Old_World_monkeys,5578.61,44,217
Pithecia_pithecia,New_World_monkeys,1667.19,14,158
Chiropotes_albinasus,New_World_monkeys,2793.21,17,160
Cacajao_calvus,New_World_monkeys,3421.04,19.9,182
Callicebus_cupreus,New_World_monkeys,1117.02,26.4,129.25
Callicebus_moloch,New_World_monkeys,958.13,25,164
Lagothrix_lagotricha,New_World_monkeys,6263.69,25,223.99
Ateles_hybridus,New_World_monkeys,6394.85,40,232
Ateles_belzebuth,New_World_monkeys,6692.42,40,184
Ateles_paniscus,New_World_monkeys,8697.25,46,229
Ateles_fusciceps,New_World_monkeys,9067.94,24,227
Ateles_geoffroyi,New_World_monkeys,7582.4,47.1,232
Alouatta_seniculus,New_World_monkeys,6398.31,25,190
Alouatta_palliata,New_World_monkeys,6576.99,20,186
Alouatta_pigra,New_World_monkeys,7172.06,20,187
Alouatta_caraya,New_World_monkeys,5576.96,20,187
Saguinus_mystax,New_World_monkeys,555.87,20,145
Saguinus_imperator,New_World_monkeys,407.91,17.9,145
Saguinus_bicolor,New_World_monkeys,465,19,160
Saguinus_geoffroyi,New_World_monkeys,492.5,16.8,142
Saguinus_oedipus,New_World_monkeys,462.04,23,178
Saguinus_midas,New_World_monkeys,540.56,21,127
Leontocebus_nigricollis,New_World_monkeys,519.2,20,140
Leontocebus_fuscicollis,New_World_monkeys,456.5,25,147
Callimico_goeldii,New_World_monkeys,558,17,153
Mico_humeralifer,New_World_monkeys,355.8,15,144
Mico_argentatus,New_World_monkeys,343.2,16.5,144
Cebuella_pygmaea,New_World_monkeys,124,18.6,125
Callithrix_geoffroyi,New_World_monkeys,342,10,148
Callithrix_jacchus,New_World_monkeys,290.21,12,144
Leontopithecus_chrysomelas,New_World_monkeys,572.8,21.3,132
Leontopithecus_rosalia,New_World_monkeys,592.52,15,128
Aotus_trivirgatus,New_World_monkeys,912.4,18.5,142
Aotus_lemurinus,New_World_monkeys,865.96,33.8,135
Saimiri_vanzolinii,New_World_monkeys,783.77,30,170
Saimiri_sciureus,New_World_monkeys,749.47,21,161
Saimiri_boliviensis,New_World_monkeys,799.45,30,158
Cebus_capucinus,New_World_monkeys,3005.99,55,162
Cebus_albifrons,New_World_monkeys,2509.68,44,158
Cebus_olivaceus,New_World_monkeys,2787.64,55,162
Sapajus_apella,New_World_monkeys,2642.5,46,158
Taphozous_melanopogon,Yangochiroptera,25.99,20,122.5
Tadarida_brasiliensis,Yangochiroptera,12.61,12,78
Tadarida_aegyptiaca,Yangochiroptera,17.63,10,85.52
Miniopterus_australis,Yangochiroptera,7.4,5.5,132.74
Eptesicus_fuscus,Yangochiroptera,17.49,19,35
Eptesicus_serotinus,Yangochiroptera,23.09,21,68
Lasionycteris_noctivagans,Yangochiroptera,11.02,12,55
Pipistrellus_pipistrellus,Yangochiroptera,5.3,9,42
Nyctalus_noctula,Yangochiroptera,28.48,8,60
Corynorhinus_townsendii,Yangochiroptera,10.3,21,78
Corynorhinus_rafinesquii,Yangochiroptera,9.15,10,53
Pipistrellus_subflavus,Yangochiroptera,5.74,14.8,45.71
Antrozous_pallidus,Yangochiroptera,22.24,11,62
Myotis_daubentonii,Yangochiroptera,7.63,28,54
Myotis_myotis,Yangochiroptera,25.59,22,65
Myotis_velifer,Yangochiroptera,9.82,11.3,65
Myotis_nigricans,Yangochiroptera,4.24,7,55
Myotis_thysanodes,Yangochiroptera,8.49,18.3,55
Myotis_keenii,Yangochiroptera,6.51,19,60
Myotis_evotis,Yangochiroptera,6.91,22,60
Myotis_lucifugus,Yangochiroptera,7.8,30,55
Myotis_sodalis,Yangochiroptera,7.15,20,68
Myotis_septentrionalis,Yangochiroptera,7.74,18.5,60
Macrotus_californicus,Yangochiroptera,11.83,10.4,270
Desmodus_rotundus,Yangochiroptera,33.16,12,189
Anoura_geoffroyi,Yangochiroptera,15.15,10,120
Leptonycteris_nivalis,Yangochiroptera,24.26,10,121.66
Glossophaga_soricina,Yangochiroptera,9.97,10,106
Platyrrhinus_lineatus,Yangochiroptera,24.34,13,106
Artibeus_jamaicensis,Yangochiroptera,43.63,10,76
Sturnira_lilium,Yangochiroptera,20.19,20,105
Carollia_perspicillata,Yangochiroptera,19.23,12.4,95
Phyllostomus_hastatus,Yangochiroptera,91.44,18,120
Megaderma_lyra,Yinpterochiroptera,39.27,14,150
Rhinolophus_hipposideros,Yinpterochiroptera,4.57,21,67
Rhinolophus_ferrumequinum,Yinpterochiroptera,22.59,30,80
Rhinolophus_euryale,Yinpterochiroptera,9.25,13,90
Rhinolophus_rouxii,Yinpterochiroptera,12.25,5,123.54
Hipposideros_fulvus,Yinpterochiroptera,8.83,12,158
Haplonycteris_fischeri,Yinpterochiroptera,18.25,10,174
Cynopterus_brachyotis,Yinpterochiroptera,33.87,10.1,112
Cynopterus_sphinx,Yinpterochiroptera,44.71,10,120
Hypsignathus_monstrosus,Yinpterochiroptera,336.97,30,120
Epomophorus_wahlbergi,Yinpterochiroptera,93.59,10.1,165
Epomophorus_gambianus,Yinpterochiroptera,134.59,7.8,150
Rousettus_aegyptiacus,Yinpterochiroptera,134,25,116
Rousettus_leschenaultii,Yinpterochiroptera,84.88,14,115
Pteropus_scapulatus,Yinpterochiroptera,380.35,15.8,150
Pteropus_hypomelanus,Yinpterochiroptera,435.61,20,210
Pteropus_tonganus,Yinpterochiroptera,561.51,31,167.29
Pteropus_poliocephalus,Yinpterochiroptera,702.78,23.6,190
Pteropus_livingstonii,Yinpterochiroptera,734.27,15,152
Pteropus_giganteus,Yinpterochiroptera,824.85,31,145
Pteropus_rufus,Yinpterochiroptera,361,17,150
Pteropus_rodricensis,Yinpterochiroptera,256.17,28,198
Pteropus_vampyrus,Yinpterochiroptera,1027.54,30,192
Pteropus_dasymallus,Yinpterochiroptera,491.86,24,180
Eidolon_helvum,Yinpterochiroptera,254.61,22,165
Syconycteris_australis,Yinpterochiroptera,17.6,6,120
Macroglossus_sobrinus,Yinpterochiroptera,21.8,6,130
Macroglossus_minimus,Yinpterochiroptera,16.3,6,125.14
Camelus_bactrianus,Artiodactyla,554515.91,50,395
Camelus_dromedarius,Artiodactyla,492714.47,50,405
Vicugna_pacos,Artiodactyla,62000,25.8,345
Lama_glama,Artiodactyla,110000,28.9,340
Lama_guanicoe,Artiodactyla,127500,33.7,335
Vicugna_vicugna,Artiodactyla,47499.61,24.8,340
Hippopotamus_amphibius,Artiodactyla,1536310.4,61,324
Physeter_macrocephalus,Cetacea,28500000,77,502
Kogia_breviceps,Cetacea,431500,17,335
Platanista_gangetica,Cetacea,93481.96,28,345
Ziphius_cavirostris,Cetacea,4774999.99,36,365
Hyperoodon_ampullatus,Cetacea,3393361.08,37,365
Berardius_bairdii,Cetacea,11380000.04,71,517
Inia_geoffrensis,Cetacea,121430.76,26,287
Pontoporia_blainvillei,Cetacea,40499.99,21,319
Lipotes_vexillifer,Cetacea,112138.32,24,319
Orcaella_brevirostris,Cetacea,189999.99,30,426
Orcaella_heinsohni,Cetacea,133000,28,420
Grampus_griseus,Cetacea,387500,30,365
Peponocephala_electra,Cetacea,206000,47,365
Globicephala_macrorhynchus,Cetacea,725999.99,63,452
Globicephala_melas,Cetacea,800000,60,450
Pseudorca_crassidens,Cetacea,1360000,60,451
Lagenorhynchus_obliquidens,Cetacea,109694.46,46,320
Cephalorhynchus_commersonii,Cetacea,72400,25.8,350
Cephalorhynchus_hectori,Cetacea,49999.99,20,360
Tursiops_truncatus,Cetacea,281040.55,53,365
Stenella_coeruleoalba,Cetacea,142102.96,50,350
Delphinus_delphis,Cetacea,79271.69,20,301
Sousa_chinensis,Cetacea,279999.99,31,360
Stenella_attenuata,Cetacea,65733.59,46,345
Lagenodelphis_hosei,Cetacea,164000,16,335
Sotalia_fluviatilis,Cetacea,42833.44,35,325
Orcinus_orca,Cetacea,5628758.66,90,435
Lagenorhynchus_acutus,Cetacea,186517.55,17,316
Neophocaena_phocaenoides,Cetacea,32500,23,320
Phocoena_phocoena,Cetacea,52730.93,20,320
Phocoenoides_dalli,Cetacea,106042.53,16.5,347
Delphinapterus_leucas,Cetacea,1381640.73,40,416
Monodon_monoceros,Cetacea,938126.44,50,450
Balaenoptera_acutorostrata,Cetacea,5587093.59,50,330
Megaptera_novaeangliae,Cetacea,30000000.01,77,342
Eschrichtius_robustus,Cetacea,27324024.19,80,395
Eubalaena_australis,Cetacea,22999999.91,70,365
Balaenoptera_musculus,Cetacea,154321304.5,90,350
Balaenoptera_borealis,Cetacea,22106251.95,70,345
Balaenoptera_edeni,Cetacea,19999999.97,72,376
Balaenoptera_physalus,Cetacea,47506008.23,95,342
Balaenoptera_bonaerensis,Cetacea,35089915.83,73,330
Balaena_mysticetus,Cetacea,90718474,200,401.1
Eubalaena_glacialis,Cetacea,22999999.91,67,350
Moschiola_meminna,Artiodactyla,3130.95,14.5,150
Hyemoschus_aquaticus,Artiodactyla,10850,13,175
Tragulus_napu,Artiodactyla,5273.67,14,153
Tragulus_javanicus,Artiodactyla,1889.93,12,144
Axis_porcinus,Artiodactyla,37448.29,20,232
Axis_axis,Artiodactyla,69499.99,15,226
Rucervus_duvaucelii,Artiodactyla,171223.86,23,250
Elaphurus_davidianus,Artiodactyla,165989.17,23,288
Rucervus_eldii,Artiodactyla,95471.61,19,241
Rusa_alfredi,Artiodactyla,46475.04,18.5,243
Cervus_elaphus,Artiodactyla,240867.13,24.7,245
Cervus_nippon,Artiodactyla,52999.99,25,210
Rusa_timorensis,Artiodactyla,66375.5,20,251
Rusa_unicolor,Artiodactyla,177522.9,26,232
Dama_dama,Artiodactyla,57224.61,25,233
Elaphodus_cephalophus,Artiodactyla,23087.87,15,180
Muntiacus_rooseveltorum,Artiodactyla,10762.64,14,212.49
Muntiacus_reevesi,Artiodactyla,13499.94,18,199
Muntiacus_crinifrons,Artiodactyla,18590.01,11,196
Muntiacus_feae,Artiodactyla,21999.99,11.6,196
Muntiacus_muntjak,Artiodactyla,17611.59,17.6,210
Rangifer_tarandus,Artiodactyla,109088.5,20.2,228
Ozotoceros_bezoarticus,Artiodactyla,34620.4,21.9,213
Hippocamelus_antisensis,Artiodactyla,68599.35,10.6,255
Mazama_gouazoubira,Artiodactyla,16633.17,13,212
Pudu_puda,Artiodactyla,9642.62,17.9,200
Odocoileus_virginianus,Artiodactyla,75901.25,16,198
Odocoileus_hemionus,Artiodactyla,84560.57,22,207
Mazama_americana,Artiodactyla,20546.86,16,225
Hydropotes_inermis,Artiodactyla,12760.04,11.5,190
Capreolus_capreolus,Artiodactyla,22502.01,15,153
Capreolus_pygargus,Artiodactyla,39450.03,18,294
Alces_alces,Artiodactyla,461900.76,22,243
Alces_americanus,Artiodactyla,541460.44,22,245
Tetracerus_quadricornis,Artiodactyla,19282.12,10,212
Boselaphus_tragocamelus,Artiodactyla,182253.04,21,255
Tragelaphus_imberbis,Artiodactyla,94320.39,15,235
Tragelaphus_angasii,Artiodactyla,87616.76,18.5,224
Tragelaphus_strepsiceros,Artiodactyla,206056.41,23,228
Tragelaphus_eurycerus,Artiodactyla,270998.37,21.9,288
Tragelaphus_spekii,Artiodactyla,75554.25,22.6,242
Tragelaphus_scriptus,Artiodactyla,43250.39,15.3,188
Bos_sauveli,Artiodactyla,791321.76,20,260
Bison_bison,Artiodactyla,624577.07,40,285
Bos_grunniens,Artiodactyla,500000,25,274
Bison_bonasus,Artiodactyla,675876.7,28,270
Bos_frontalis,Artiodactyla,800143.05,26.2,275
Bos_javanicus,Artiodactyla,635974.34,26,295
Bos_taurus,Artiodactyla,618642.42,20,277
Syncerus_caffer,Artiodactyla,700000,31,346
Bubalus_mindorensis,Artiodactyla,254389.74,28,300
Bubalus_depressicornis,Artiodactyla,256989.27,31,300
Bubalus_quarlesi,Artiodactyla,181718.86,29.2,295
Pantholops_hodgsonii,Artiodactyla,40733.12,45,240
Rupicapra_rupicapra,Artiodactyla,33266.35,22,122
Ammotragus_lervia,Artiodactyla,94202.22,20.9,149
Oreamnos_americanus,Artiodactyla,72105.4,20,184
Ovis_ammon,Artiodactyla,113998.72,20,170
Ovis_aries,Artiodactyla,90000,22.8,159.9
Ovis_dalli,Artiodactyla,70194.13,19.6,173
Ovis_canadensis,Artiodactyla,74644.87,19,180
Capra_pyrenaica,Artiodactyla,60898.77,16,165
Capra_ibex,Artiodactyla,69546.83,21.25,169
Capra_nubiana,Artiodactyla,47763.72,17,150
Capra_cylindricornis,Artiodactyla,50000,22,161
Capra_caucasica,Artiodactyla,140000,22,159.9
Capra_falconeri,Artiodactyla,54303.37,13,163
Capra_hircus,Artiodactyla,47386.47,22,155
Hemitragus_jemlahicus,Artiodactyla,68616.43,22,183
Capra_sibirica,Artiodactyla,130000,22,175
Budorcas_taxicolor,Artiodactyla,294515.33,15.8,210
Pseudois_nayaur,Artiodactyla,52334.57,15,160
Ovibos_moschatus,Artiodactyla,312500,20,258
Capricornis_sumatraensis,Artiodactyla,110942.22,18.5,213
Capricornis_crispus,Artiodactyla,43030.64,10,215
Naemorhedus_goral,Artiodactyla,28796.51,15,215
Naemorhedus_baileyi,Artiodactyla,28863.45,19,213
Connochaetes_taurinus,Artiodactyla,198619.68,24.3,253
Connochaetes_gnou,Artiodactyla,156547.53,20,259
Alcelaphus_buselaphus,Artiodactyla,160937.86,19,247
Beatragus_hunteri,Artiodactyla,79132.17,10.2,283
Damaliscus_pygargus,Artiodactyla,77784.55,23,243
Damaliscus_lunatus,Artiodactyla,136000.33,15,238
Addax_nasomaculatus,Artiodactyla,96077.36,25,282
Oryx_dammah,Artiodactyla,199798.95,27.5,247
Oryx_leucoryx,Artiodactyla,75788.24,20.8,243
Oryx_gazella,Artiodactyla,188404.45,22,270
Hippotragus_niger,Artiodactyla,236405.9,22,271
Hippotragus_equinus,Artiodactyla,264173.96,17,284
Neotragus_pygmaeus,Artiodactyla,3913.68,11.1,183
Oreotragus_oreotragus,Artiodactyla,13486.55,18,196
Philantomba_monticola,Artiodactyla,4896.05,16,193
Philantomba_maxwellii,Artiodactyla,8557.69,18,120
Cephalophus_zebra,Artiodactyla,15654.75,17.8,227
Sylvicapra_grimmia,Artiodactyla,15639.15,14.3,165
Cephalophus_silvicultor,Artiodactyla,62006.6,22.5,165
Cephalophus_dorsalis,Artiodactyla,20000,17.5,236
Cephalophus_rufilatus,Artiodactyla,12114.57,15,230
Cephalophus_natalensis,Artiodactyla,12724.51,15.2,213
Cephalophus_niger,Artiodactyla,19094.32,14.8,128
Ourebia_ourebi,Artiodactyla,17186.09,14,193
Procapra_gutturosa,Artiodactyla,28274.27,12,185
Madoqua_kirkii,Artiodactyla,4833.4,17.3,172
Madoqua_guentheri,Artiodactyla,4623.7,17.5,178
Raphicerus_campestris,Artiodactyla,11661.53,9.3,197
Saiga_tatarica,Artiodactyla,37734.01,12,152
Antidorcas_marsupialis,Artiodactyla,33571.24,19,168
Litocranius_walleri,Artiodactyla,38804.37,13,204
Nanger_granti,Artiodactyla,55464.46,12,196
Nanger_dama,Artiodactyla,71424.81,19,208
Nanger_soemmerringii,Artiodactyla,41582.93,15.5,190
Eudorcas_rufifrons,Artiodactyla,26999.77,14.5,175
Eudorcas_thomsonii,Artiodactyla,22907.43,10.5,170
Gazella_subgutturosa,Artiodactyla,26981.37,20,175
Gazella_bennettii,Artiodactyla,18916.67,12.3,165
Gazella_leptoceros,Artiodactyla,24645.75,14.6,176
Gazella_cuvieri,Artiodactyla,25000,17.9,171
Gazella_gazella,Artiodactyla,21306.83,15,180
Gazella_dorcas,Artiodactyla,15635.95,15,182
Antilope_cervicapra,Artiodactyla,36301.1,15,168
Redunca_redunca,Artiodactyla,43288.95,18,228
Redunca_arundinum,Artiodactyla,58059.24,10,224
Redunca_fulvorufula,Artiodactyla,29352.66,12,216
Kobus_ellipsiprymnus,Artiodactyla,204393.48,18,264
Kobus_kob,Artiodactyla,80035.21,17,251
Kobus_vardonii,Artiodactyla,71462.72,17,258.09
Kobus_leche,Artiodactyla,88645.04,15,229
Kobus_megaceros,Artiodactyla,85805.93,19,235
Pelea_capreolus,Artiodactyla,22731.33,10,261
Aepyceros_melampus,Artiodactyla,52591.69,17.4,198
Neotragus_batesi,Artiodactyla,2967.45,14,181.24
Moschus_chrysogaster,Artiodactyla,13697.9,17,188
Moschus_leucogaster,Artiodactyla,2145.93,14,195
Moschus_moschiferus,Artiodactyla,13315.57,12,162
Giraffa_camelopardalis,Artiodactyla,964654.73,27,457
Okapia_johnstoni,Artiodactyla,270001.14,30,458
Antilocapra_americana,Artiodactyla,70000,11,250
Babyrousa_babyrussa,Artiodactyla,92950.09,24,156
Phacochoerus_aethiopicus,Artiodactyla,75607.52,18,165.4
Hylochoerus_meinertzhageni,Artiodactyla,198130.47,18,132
Phacochoerus_africanus,Artiodactyla,82499.99,20.9,164
Sus_scrofa,Artiodactyla,84471.54,27,115
Sus_cebifrons,Artiodactyla,190792.3,15,125.14
Sus_barbatus,Artiodactyla,135805.95,16.2,122
Sus_verrucosus,Artiodactyla,89406.23,14,120
Potamochoerus_porcus,Artiodactyla,70000.31,20,122
Potamochoerus_larvatus,Artiodactyla,69063.79,20,122
Catagonus_wagneri,Artiodactyla,35566.4,14,152
Tayassu_pecari,Artiodactyla,31798.71,13.3,158
Nandinia_binotata,Carnivora,2167.2,21,64
Panthera_tigris,Carnivora,161914.66,26,105
Panthera_onca,Carnivora,83943.09,28,99
Panthera_pardus,Carnivora,52399.99,27,97
Panthera_leo,Carnivora,158623.93,30,109
Neofelis_nebulosa,Carnivora,14945.05,17,89
Prionailurus_planiceps,Carnivora,3533.76,14,56
Prionailurus_viverrinus,Carnivora,8826.46,12,72
Prionailurus_bengalensis,Carnivora,2780.97,20,62
Leopardus_tigrinus,Carnivora,2250,23,75
Leopardus_guigna,Carnivora,5157.94,11,78
Leopardus_wiedii,Carnivora,3270.81,20,81
Leopardus_pardalis,Carnivora,11880,21.5,77
Felis_nigripes,Carnivora,1362.77,15.6,66
Felis_chaus,Carnivora,7157.99,20,60
Felis_margarita,Carnivora,2823.36,13,67
Felis_silvestris,Carnivora,4573.08,30,64
Felis_catus,Carnivora,2884.8,14,65
Lynx_rufus,Carnivora,6374.47,32,65
Lynx_lynx,Carnivora,19300,24,66
Lynx_pardinus,Carnivora,11050,13,68
Lynx_canadensis,Carnivora,9682.82,26.75,63
Acinonyx_jubatus,Carnivora,50577.92,19,88
Puma_concolor,Carnivora,53954.05,20,92
Pardofelis_marmorata,Carnivora,2826.68,12.25,82
Catopuma_temminckii,Carnivora,7726.46,23,95
Leptailurus_serval,Carnivora,11999.96,22.4,70
Caracal_caracal,Carnivora,11964.38,20.3,74
Genetta_genetta,Carnivora,1756.17,21.6,78
Genetta_tigrina,Carnivora,2566.57,21,70
Viverra_zibetha,Carnivora,9148.77,20,80
Civettictis_civetta,Carnivora,12075.58,28,65
Arctictis_binturong,Carnivora,12999.99,25,92
Paguma_larvata,Carnivora,4300,20,90
Paradoxurus_hermaphroditus,Carnivora,3200,24.5,60
Arctogalidia_trivirgata,Carnivora,2323.79,16.08,45
Hyaena_brunnea,Carnivora,42977.93,13,92
Hyaena_hyaena,Carnivora,35070.51,24,90
Crocuta_crocuta,Carnivora,63369.98,41,110
Proteles_cristata,Carnivora,8139.39,20,84
Fossa_fossana,Carnivora,1853.98,21.4,82
Galidia_elegans,Carnivora,810,13,72
Cryptoprocta_ferox,Carnivora,9500,20,90
Herpestes_ichneumon,Carnivora,2980.02,20,74
Cynictis_penicillata,Carnivora,694.41,15.2,56
Herpestes_javanicus,Carnivora,750,16,49
Atilax_paludinosus,Carnivora,3600.16,17,76
Helogale_parvula,Carnivora,281.83,10,55
Crossarchus_obscurus,Carnivora,1395.09,9,58
Mungos_mungo,Carnivora,1260,11,60
Suricata_suricatta,Carnivora,729.99,12,77
Ailuropoda_melanoleuca,Carnivora,137999.99,34,130
Ursus_arctos,Carnivora,277500,43,180
Ursus_maritimus,Carnivora,371703.81,45,190
Melursus_ursinus,Carnivora,130000,40,130
Helarctos_malayanus,Carnivora,57075.78,33,120
Ursus_americanus,Carnivora,110500,35,180
Ursus_thibetanus,Carnivora,99714.19,35,170
Callorhinus_ursinus,Pinnipeds,55464.82,26,240
Eumetopias_jubatus,Pinnipeds,382466.74,30,274
Zalophus_californianus,Pinnipeds,137194.86,31,259
Arctocephalus_pusillus,Pinnipeds,178500,18,368
Phocarctos_hookeri,Pinnipeds,273499.99,23,365
Neophoca_cinerea,Pinnipeds,189274.99,24.1,258
Arctocephalus_forsteri,Pinnipeds,101249.99,23.1,236
Arctocephalus_galapagoensis,Pinnipeds,60448.04,16,213
Arctocephalus_gazella,Pinnipeds,96599.99,25,257
Arctocephalus_tropicalis,Pinnipeds,92222.55,19,357
Odobenus_rosmarus,Pinnipeds,1042996.25,40,331
Erignathus_barbatus,Pinnipeds,279999.99,31,259
Cystophora_cristata,Pinnipeds,278896.81,35,240
Phoca_largha,Pinnipeds,98879.18,35,319
Phoca_vitulina,Pinnipeds,87316.66,47.6,253
Halichoerus_grypus,Pinnipeds,197570.01,46,240
Pusa_caspica,Pinnipeds,62326.2,50,330
Pusa_hispida,Pinnipeds,70963.6,43,251
Histriophoca_fasciata,Pinnipeds,90000,30,274
Pagophilus_groenlandicus,Pinnipeds,132250,35,228
Mirounga_leonina,Pinnipeds,1600000,23,220
Mirounga_angustirostris,Pinnipeds,1112390.81,20.25,252
Hydrurga_leptonyx,Pinnipeds,352675.48,30,274
Ommatophoca_rossii,Pinnipeds,208252.12,21,228
Leptonychotes_weddellii,Pinnipeds,400000,25,304
Monachus_monachus,Pinnipeds,294881.33,23.7,289
Conepatus_leuconotus,Carnivora,3293.91,14,56
Mephitis_mephitis,Carnivora,2399.99,10,63
Spilogale_putorius,Carnivora,566.49,10.5,60
Taxidea_taxus,Carnivora,10842.15,26,42
Arctonyx_collaris,Carnivora,8166.52,15.8,42
Meles_meles,Carnivora,11884.03,19,49
Eira_barbara,Carnivora,4134.99,18,66
Martes_pennanti,Carnivora,3750,10,45
Martes_martes,Carnivora,1299.99,17,35
Martes_zibellina,Carnivora,1173.91,18,45
Gulo_gulo,Carnivora,12792.49,19.5,50
Lontra_canadensis,Carnivora,8087.42,21,62
Lutra_lutra,Carnivora,8868.69,22,61
Lutrogale_perspicillata,Carnivora,8912.49,20,63
Aonyx_cinerea,Carnivora,3527.59,16,63.31
Aonyx_capensis,Carnivora,19322.22,16,63
Pteronura_brasiliensis,Carnivora,26000,12.8,68
Ictonyx_striatus,Carnivora,811.02,13.3,36
Vormela_peregusna,Carnivora,594.13,8.9,61
Galictis_vittata,Carnivora,3200,10.5,40
Galictis_cuja,Carnivora,1000,10.2,40
Mustela_erminea,Carnivora,284.5,12.5,43
Mustela_sibirica,Carnivora,730.85,9,29
Mustela_lutreola,Carnivora,566.44,10,54
Mustela_nigripes,Carnivora,907.1,12,43
Mustela_putorius,Carnivora,975.55,14,42
Mustela_nivalis,Carnivora,190,10,36
Neovison_vison,Carnivora,1150,10,42
Mellivora_capensis,Carnivora,8999.99,31.3,70
Potos_flavus,Carnivora,3441.81,38,115
Procyon_cancrivorus,Carnivora,6931.72,14,63
Procyon_lotor,Carnivora,6373.72,21,63
Bassariscus_astutus,Carnivora,1010.37,16,52
Bassariscus_sumichrasti,Carnivora,906,23,64
Nasua_nasua,Carnivora,3775.5,17.5,73
Nasua_narica,Carnivora,4578.43,14,78
Bassaricyon_gabbii,Carnivora,1250,25,73
Ailurus_fulgens,Carnivora,5770.08,19,130
Otocyon_megalotis,Carnivora,4098.12,14,68
Nyctereutes_procyonoides,Carnivora,4214.99,14,61
Speothos_venaticus,Carnivora,6324.54,10.3,68
Cerdocyon_thous,Carnivora,5741.66,11,55
Canis_adustus,Carnivora,10392.49,10,64
Cuon_alpinus,Carnivora,15800,16,61
Canis_rufus,Carnivora,22983.17,14,62
Canis_latrans,Carnivora,11989.1,18,63
Canis_aureus,Carnivora,9658.7,16,63
Canis_lupus,Carnivora,31756.51,20,62
Canis_simensis,Carnivora,14361.86,12,63.61
Canis_mesomelas,Carnivora,8247.3,14,60
Chrysocyon_brachyurus,Carnivora,23325,13,64
Lycaon_pictus,Carnivora,21999.99,17,72
Vulpes_macrotis,Carnivora,4499.97,12,54
Urocyon_cinereoargenteus,Carnivora,3833.71,12,57
Vulpes_velox,Carnivora,2088,14,55
Vulpes_lagopus,Carnivora,3584.37,16.3,52
Vulpes_zerda,Carnivora,1317.13,12,51
Vulpes_cana,Carnivora,988.5,10,55
Vulpes_chama,Carnivora,2919.8,10,51
Vulpes_corsac,Carnivora,2615.33,13,53
Vulpes_ferrilata,Carnivora,5543.74,10,54.23
Vulpes_vulpes,Carnivora,4820.36,12,52
Vulpes_pallida,Carnivora,2800.01,10,52
Tapirus_indicus,Perissodactyla,311209.19,36.5,396.5
Tapirus_bairdii,Perissodactyla,293781.59,29.6,396.24
Tapirus_pinchaque,Perissodactyla,156923.4,28.5,398
Tapirus_terrestris,Perissodactyla,169496.64,35,398
Ceratotherium_simum,Perissodactyla,2285939.43,50,515
Diceros_bicornis,Perissodactyla,995940.54,45,474
Dicerorhinus_sumatrensis,Perissodactyla,1046156.04,32.7,236
Rhinoceros_unicornis,Perissodactyla,1843655.8,47,479
Rhinoceros_sondaicus,Perissodactyla,1750000,40,502
Equus_zebra,Perissodactyla,282462.13,29.5,362
Equus_grevyi,Perissodactyla,408000.35,30,406
Equus_quagga,Perissodactyla,400000,40,365
Equus_hemionus,Perissodactyla,235248.07,31.6,339
Equus_kiang,Perissodactyla,281138.63,30.1,299
Equus_caballus,Perissodactyla,403598.53,61,337
Solenodon_paradoxus,Eulipotyphla,899.99,11,50
Suncus_etruscus,Eulipotyphla,2.26,3,27
Suncus_murinus,Eulipotyphla,43.76,2.5,30
Crocidura_russula,Eulipotyphla,9.89,2.5,29
Crocidura_leucodon,Eulipotyphla,10.88,4,30
Crocidura_suaveolens,Eulipotyphla,7.35,4,27
Neomys_fodiens,Eulipotyphla,15.26,1.6,20
Neomys_anomalus,Eulipotyphla,13.19,2,26
Cryptotis_parva,Eulipotyphla,4.97,1.75,21
Blarina_hylophaga,Eulipotyphla,14.49,2.75,23
Blarina_brevicauda,Eulipotyphla,18.56,3,17
Blarina_carolinensis,Eulipotyphla,11.91,2.75,30
Sorex_palustris,Eulipotyphla,13.07,1.5,23
Sorex_ornatus,Eulipotyphla,5.31,1.5,21
Sorex_vagrans,Eulipotyphla,5.99,1.5,20
Sorex_fumeus,Eulipotyphla,7.83,1.5,21
Sorex_cinereus,Eulipotyphla,4.2,2,19
Sorex_alpinus,Eulipotyphla,8.04,1.33,21
Sorex_minutus,Eulipotyphla,4.32,1.33,24
Sorex_tundrensis,Eulipotyphla,7.65,1.5,28
Sorex_araneus,Eulipotyphla,9.18,2,21
Sorex_coronatus,Eulipotyphla,9.32,1.67,23
Sorex_arcticus,Eulipotyphla,8.19,1.5,17
Echinosorex_gymnura,Eulipotyphla,756.53,4.5,37
Erinaceus_europaeus,Eulipotyphla,777.95,11.7,30
Paraechinus_aethiopicus,Eulipotyphla,352.4,4.5,37
Hemiechinus_auritus,Eulipotyphla,322.04,6.8,39
Atelerix_albiventris,Eulipotyphla,293.44,11.4,35
Atelerix_frontalis,Eulipotyphla,329.12,7,37
Galemys_pyrenaicus,Eulipotyphla,60.17,3.5,30
Scapanus_orarius,Eulipotyphla,62.13,4,40
Scalopus_aquaticus,Eulipotyphla,87.15,3,36
Parascalops_breweri,Eulipotyphla,51.11,4,35
Condylura_cristata,Eulipotyphla,48.15,2,40
Talpa_europaea,Eulipotyphla,87.53,5,28
Dasypus_novemcinctus,Cingulata,3949.01,23,133
Zaedyus_pichiy,Cingulata,1444.76,9,60
Euphractus_sexcinctus,Cingulata,4731.16,18.8,68
Chaetophractus_villosus,Cingulata,4372.8,30,67
Tolypeutes_matacus,Cingulata,1303.47,36,120
Priodontes_maximus,Cingulata,40641.89,15,122
Choloepus_hoffmanni,Pilosa,5893.5,32,350
Choloepus_didactylus,Pilosa,6646.5,27.8,279
Bradypus_tridactylus,Pilosa,4375.8,40,141
Bradypus_variegatus,Pilosa,4136.36,40,170.84
Bradypus_torquatus,Pilosa,4468.42,20,150
Cyclopes_didactylus,Pilosa,263.95,2.3,135
Myrmecophaga_tridactyla,Pilosa,29531.83,25,184
Tamandua_tetradactyla,Pilosa,4800,9,160
Setifer_setosus,Afrosoricida,263.22,10.58,54
Echinops_telfairi,Afrosoricida,152.25,13,55
Hemicentetes_semispinosus,Afrosoricida,134,2.5,59
Tenrec_ecaudatus,Afrosoricida,887.59,4.92,58
Microgale_talazaci,Afrosoricida,43.07,5.8,61
Geogale_aurita,Afrosoricida,6.69,2.5,63